Nombre,Unique_id,User_id
AndrÃ©sito,andre777sito,6986410071933699077
DanlucğŸ¥°,paocastag,6838796531958481925
Millan22ğŸ‘¼â˜ï¸Smilerkâ™¥ï¸,wendymillan22,6954190283920163845
user01171367283,leidy.johana.zamo,7455491647444075526
Sandra Milena GarcÃ­a castellan,user5461790939257,7511769334868739079
Marianny Zuhe,torinmarianny,6876471067616494597
jansurizosrizos,jansurizosrizos,6973443356047590405
Lesly â¤ï¸,leslydayanaortizc,6964153227826906118
Silvia Pedreros,silviapedreros,6802733683679347718
Sandra Henao713,natacha1063,6880739528609891334
LuzmağŸ’–,lpotes11,6961556352372098053
HÃªÃ¯Dy DT,yissethdc11,305507856865259520
Alejo32,alejo281991,6799850534444598278
chiquinquiragarcia,15bende,7305009355546919942
monis!!!ğŸ¥°,monina2906,6813743028113671174
maholis263,maholis263,6884324302620378117
Monica Julieth Neira,monicajuliethneir,6655050169370820614
RAFA R,rafa_rangel96,7292398162073404421
Dariannys Vargas,dariannysvargasquintero,6906966483588269061
Martha Liliana,martha.liliana39,6942198969637291013
nataliafigueroa12,nataliafigueroa119,6906263619475670022
ivana_31_0,ivana_31_0,6862928811744347141
vivi.sali,vivi.sali,7211536378927580165
Anyi Gallo,anyigallo_31,6810783721218655237
Daniela lucia Ariza,danielaluciaariza0,7057988071937541126
Angieâ£ï¸,angie_04062,7080702605828211718
Mary,maria.yepes25,7398761882931282950
nubiaesperanzabar21,nubiaesperanzabar21,7022017031982121990
jecksibellhrnandz,jecksibellhrnandz,6987007400177353733
O-o KÃ¤rolinaa Liamcb,karo.liamcb24,310375308183076864
DistritoJovenBta,distritojovenbta,7016874907645461509
Jennifer Paez352,jenyfer0908,6898131041035731969
Kelly polo 1987,kellypolo1987,7056119798811919366
Rojas Adrii,rojas.adrii8,7394891967517639686
Luisa NarvÃ¡ez,luisanarvaez43,6805978749785801733
lili,user4369600595752,7468332251315864594
sara,m.a.s252401,7360087216657482757
Anyi Gallo,anyigallo_31,6810783721218655237
Noilet Rios,noilet.rios11,7113257672514176006
Daniela lucia Ariza,danielaluciaariza0,7057988071937541126
Angieâ£ï¸,angie_04062,7080702605828211718
Mary,maria.yepes25,7398761882931282950
nubiaesperanzabar21,nubiaesperanzabar21,7022017031982121990
jecksibellhrnandz,jecksibellhrnandz,6987007400177353733
O-o KÃ¤rolinaa Liamcb,karo.liamcb24,310375308183076864
DistritoJovenBta,distritojovenbta,7016874907645461509
Jennifer Paez352,jenyfer0908,6898131041035731969
Kelly polo 1987,kellypolo1987,7056119798811919366
@alexaredes,gloria.alejandra00,7281017956158604293
catalina ZuÃ±iga Lares,catalares,6963668041452930053
DJ JARVI,dj_jarvi2.0,6885793693224698885
Alejandra ğŸ‘£ğŸ’…,aleja.29_08,6757390924072240134
sanchezluli,irisroxanasanchez,7093921732100424709
damianderson,andersonmateus7453,7512526756198630405
normely19â£ï¸ğŸ¥°,normely19,6979636115247416326
caro,carobel11,7424238164724909062
ğŸª—Massiel Loraine SINCELEJANA,massielloraine,6849356650932945925
ï¸,lorenac022,6547403239967429647
yuleynis,yuleinys27,7220795884240438278
Ary Aular,aryaular,6884694084528882690
martha obando,martha.obando661,7097457204547159046
milonchis,milonchis0303,6697694404390618114
Mayerly Oviedo Diaz,mayeoviedo1233,6960691106024031238
damianderson,andersonmateus7453,7512526756198630405
normely19â£ï¸ğŸ¥°,normely19,6979636115247416326
yeniffer257,yeniffer257,6969775196237087750
Yulied ğŸ¥°ğŸ˜˜ğŸ˜,yuliedpe,7076566560945144837
ğŸ§¿ğŸ§¿LORE-DIOSA-AFRODITAğŸ§¿ğŸ§¿,lorealba19,6864756107195352070
caro,carobel11,7424238164724909062
dravino,briamsalehi,7472518275534177281
ğŸ’™âœ¨chiquisğŸ§¸ğŸŒ¸,adyd1110,6961088093006038021
ğŸª—Massiel Loraine SINCELEJANA,massielloraine,6849356650932945925
ï¸,lorenac022,6547403239967429647
yuleynis,yuleinys27,7220795884240438278
Ary Aular,aryaular,6884694084528882690
martha obando,martha.obando661,7097457204547159046
milonchis,milonchis0303,6697694404390618114
Mayerly Oviedo Diaz,mayeoviedo1233,6960691106024031238
norbey,norbey108,7100689636170990597
clau,claudiahelenarozo8,7365573894286148614
ï¸,shanoncastiblanco,274057611711516672
wendy semprun,wendy.semprun,7409470109854467078
yulianisanchez33,yulianisanchez33,7221704058162365445
AngieğŸ’ğŸ§¸,angie9710,6708089335462380549
Dina soto,diluz20,7144115501315458053
ğŸ’•ğŸ“ladyğŸ’•ğŸ“,ladysaenz33,6954709463145153542
.â˜„ï¸Ø¬ÙˆÙ‡Ø§Ù†Ø§ Ù†ÙŠÙƒÙˆÙ„,jhoanna_558,7325276789176681477
yennyğŸ˜Š,yennypadilla89,7190763370290054149
joatenjo1,joatenjo1,6967437217527497734
Liz,lizpaoquintero,7240271258104398854
Ana TriasğŸ¦‹,anartrias,6862790998272721925
ğ•¬ğ–‰ğ–—ğ–ğ–†ğ–“ğ–† ğ•²ğ–”ğ–’ğ–Šğ–Ÿ,lissethgomezb,6851370143941051397
cazziola12,cazziola12,6959596344487724038
Esmeralda Morales,esmeraldas324,7213155561750250501
@yulis_,yulispaolavillarreal,7045390409351431174
nicforoni,nicforoni,6852121625597985797
florğŸ˜ŠS.548,flors548,6971542889746924549
Agny G.GğŸ˜,agnyg.g,7101873600387924997
Carlos Martinez,carlosmartinez02356,7464267336406172680
leonorsanchez,user605272430263,7466508330481419280
aleja LÃ³pez,alejandralopez9210,6801973198327874565
natalia,natalia83601,7327742874597852166
yune,yune8370,7244582327484187654
MaribelğŸ˜Œ,maribelgonzalez7386,6951578768889807877
Lucecita olaya,olayaluz8,6956249356237505541
Oriana Â®ğŸ’,orirangel24,7323685063068812294
Sonia cantor,soniacantor12,6845021143453680646
Sandra Romero,zafiro603,6873535720642102277
andreamonroy081719,andreamonroy1529,6964905906401608705
Diana Mayeli NiÃ±o,maye1898,6807602506676962310
Leidy Bermudez,user08513535,6797171458008695813
Leidy AcostağŸ«¶ğŸ»,leidyacosta_5,6847161276196897797
Dario Lopez,dariolopezmt,6851574156552897541
yuly,yuly17gomez,6839432428818596870
pily_sasnci,pily_sasnci,7452514896010920981
Mary Valderrama,mary.valderrama8,7249803637660468230
J@MIR LARA,jamirjlara,6968507880585249797
Karly,karlysophia123,6818618711529407494
alejandra ayala camacho,alejandraayalacam,7099613967702557702
yessy29,29yessy,6718083518272472069
MAXIMILIANO RodrÃ­guez,maxhukariko27,6887242528899892229
Ãngelaâœ¨,angelapulido159,7148588786724815877
Yulianny Ojeda257,yulianny983,7082437458625971206
Lapelirroja_esa ğŸ‘½ğŸ––ğŸ¼,lapelirroja_esa96,224460682149478400
user9254961036681,user9254961036681,7242834899979092997
Jacqueline.,jacquelinerujano_3,7243252163342025733
Karen Avila,karenavila2312,6658686051496869893
Sandra liliana Oviedo vergara,sandra.liliana.ov5,7491129365926921224
æ´›é›·å¨œÂ·å¡è¯º,lore.cano24,6849129674141713413
Melissa Vasquez,melissavasquez174,6615342931065929733
A N G E L I C A ğŸŒ¸ğŸ–‡,angelicasoto898,6838694115786605574
Nuc,nuci209,6935865445800510469
LoreNâ¤ï¸â€ğŸ”¥ğŸª·,loreng90,6855716604786803718
isabellağŸ¥°ğŸ¥°ğŸ¥°,ximennittavillalb,7164425739546199045
Leidy Valencia,leidyvalencia823,6938933586990187526
CharlieAudivet,charlieaudivet,6956286375616939013
âˆ†ngela_23psâ¤ï¸â€ğŸ”¥,angela_23ps,7080322292375471110
Claudia YadirÃ¡ Mena Bejarano,claudia.yadir.men,7498107744429245458
Elrubybrilla,elrubybrilla,7183858136271782918
Maria Alvarado,maritee71,7390844229552980997
erikamartin4762,erikamartin4762,7148583530270884869
Dianna montaÃ±a ğŸ˜‹,diana_morochita,6909651751160398853
â™¡yesiâ™¡,yesimeri16,7224544905615639557
âœ¨Liliâœ¨,liliaraujo282,6973071650799485957
VICTORIA ğŸ†,viictoriiaspiinzon,6892566331246789638
Brigith Loaiza110,brigithloaiza110,6911448078416774149
jose garcia,jose.garcia3828,7263916366339195909
Isabel Quiroz,isabel.quiroz22,7489628073852584967
leidymarcelabuitr,leidymarcelabuitr,6933703488514081797
yinelismarquez627,yinelismarquez22,6942213057478001669
yeidersanchez34,yeidersanchez34,6947742274085356550
Linares Rosmira,linares.rosmira,7300713008229336070
jennifer cadenağŸª,jennifercadena26,6957111277592773637
ğŸ€ ğ’©ğ’¶ğ“‰ğ’¶ğ“ğ’¾ğ’¶ ğŸ€,nxgm_110101,7109932533035123717
tatyandreadelaros,tatyandreadelaros,7168601089717109766
ï¸,klaritha095,6653907438121582598
Susan Suarez,susan_suarez_labonita,6891012804977050630
Johanaâœ¨,rjohana12,7086892528058811397
claudia Bernal,claudiarociober29,7118166743139222534
cata,catalinaarias957,6810502172007891974
Josley 24,josley05,6965608524190893061
CamÃ­ğŸ¤ğŸŒºğŸ“,camiilozada,7146694038271050758
Ya Mile,ya.mile7,7268690200224596997
Jeimy@95,jeimy_18164,7156553059098149894
Nicole GutiÃ©rrez Moreno,nicolegutierrezm30,7265467827666371590
Yuly Andrea Valbuena,yulyvalbuena2331,6820394630166021126
lala,karla85905,7240425211643184134
Fernanda K,fernanda.k455,7425256020689388550
liliguioco,liliguioco,7111826787496084485
ALCIRA CORREA,alcira.correa5,7216579244305302533
Rolitasâ£ï¸â£ï¸,temas_para._dedicar,7011678855431406598
@katherinğŸ˜‹,katean00,6611897148936880133
yoyis.,yoyisp,7007938294541681669
Angie Paola Lozano G,angiepaolalozanog,6742647734463579141
Paola Martinez89545,paolamartinez8954,7063153683228066822
alejandravielma25,alejandravielma25,6992309648615834630
Paolinda,paolindasped,7188290251596252166
Invitaciones Tanuki,tanuki.in,7489925878211953686
yarelys18,yarelys191,7095114106742883333
user8605806263327,user289344007,6852043079864779781
ğŸŒ¬ï¸Â¥â‚¬Â§ğŸ’«,yessicaserna405,6940400489877193733
Ronald MuÃ±oz,undercity90,6740795723132175365
@yohacaseres2992,yohacaseres92,7234697686564602885
Marcela PinzÃ³n,marcela.pinzn6,7387212838148637702
MÃ¤yrÃ¤ Ã„lejÃ¤ndrÃ¤,alejandrasa24,6802007247084209158
TATIANAâ¤ï¸,tatiana15080,6886067847958660097
GloriğŸŒšğŸŒ»,glorim.03,6948240475879080965
Solecitho Rodriguez,solecithorodrigue,242287183326486528
MARCELITA,afamarcelita,6806389355604411398
ğŸ˜˜â¤ï¸MadeğŸ˜˜â¤ï¸,madeleinperez0,6908430514220598278
Paola Romero,user4852858794087,6787114627114664965
yixecitaâ¤ğŸ”¥,yiseth280,6834991215591834629
Jey Te Informa,jeyteinforma,7104858381756417030
MaryNails1,maria.yagua8,7240970552801149958
yesidolmos2,yesidolmos2,6957351866776126469
valiente corazÃ³n â™¥ï¸ğŸ«¶ğŸ˜‰,flordeloto316,6895629444694672389
Edelmira Hernandez C,edelmirahernandezcruz,6858631536012952582
liceth,licaballero2025,6822723296603177989
danielaparra7415,danielaparra7415,7165017678355547141
Camila Pineda,camilapineda55,6794199057764189189
â˜†Maiia Palominoâ˜†,maiiapalomiino,7215025269348992006
ğ”Œâ—ŒğŸ§Šğ¿ğ“ğ“ˆğ’¾ğ“‰ğ’¶ğŸ§Šà±¨à§ â˜†,ash_lyashaqq,7035852465849287685
Yerli,yerliquin,7103705696147309574
@@@@@,yarelismaria1,7149681024686212102
Milexy Vergara,milexy2503,6826189915836892166
claudialrincon,claudiaisabelrincon,6762845972223886342
ErikağŸ˜ğŸ˜ğŸ˜,erikacurado,7377859042226586629
Zuli,zulimar312,6803798613204272134
adrianayexy26,adrianayexy26,7126979427104736261
Yiina esteban valen,yinatique76,6521160223887987727
Marce Eskmilla,marceeskmilla,6849907431917618181
Angela0705,angeladiazgon0705,7122436243477251078
Barbara castillo,user823750574115,6970069538391016453
yenny  Hurtado,mariasalome283,6898906094165754886
Liza baez,liza.baez09,7413763456778175494
Michell Bonilla,michell.bonilla23,7361554708744029189
Loren,msl061214,6672545137875321861
Yuli,yuly.muoz,7125602520416486405
Klau ArizağŸ˜‡,klauariza14,7030078629192713221
Karen sofia Funieles doria,karen.sofia.funie,7453876742298682373
Diana Mora GarzÃ³n,diana_mora0712,6746193368835212293
ğŸ¤£ğŸ¤£ğŸ¤£ğŸ¤£ğŸ¤£ğŸ˜‹,lunaaayer,6785538937429263366
Viviana Campo,vivianacampo2,6816764292172792838
PaTy,patolu13,6943609172370310149
Didyesteban10,cindycrispin1001,6984596735609259013
mariam,daimauvjtuo,7516998056669512722
Mileidys Diaz,mileidysdiaz1,6826829544214774789
YolilopezğŸ¤,yoli_lopez20,7117278509147505669
greys Orozcoâœ¨ğŸ’˜,greysorzzo,6966340164815127558
Sandritha23,sandrita_270,6957387372783027205
Dai anna BG,dianabrailow,7049913760798589958
dayisgarcia438,dayisgarcia438,6973046033459250182
Ana Milena Mendoza,ana.milena.mendoz,7263127934633837574
Isa  MÃ©ndez,isamendez475,6817160550360105990
ğŸ¦‹pedrerosvelosaâœ¨ï¸ğŸ¦‹ğŸ’«,pedrerosvelosa,6806456087891330054
DIANA CUEVAS ğŸ–¤,dianacuevas2559,6992441492942570501
flaka-1502,julyandre88,6860246015993152518
art.inck,_art_inck_,6782652877213533190
Paola Nava,paolanava577,6637989035867111429
patriciahernandez,misvalores,7161249153120322565
Maibe LÃ³pez Pinzon,maibelinelopez,6840520211965051909
Fercruz0522,linafcp,6895499147097506817
AndrÃ©s,andresgonzalez_8510,7050284190580278277
Yessyka Dayanna,yessyka.dayanna,7198223357329327110
DPRA19,dpra193,7356908724361577478
Dianis12,dianaforero795,7237230642852004869
Yolima Guarnizo Lope,yolimaguarnizolopez,6845824691002688517
dianacriss12,dianacriss12,6970088908714853382
Daniela Lesmes357,danielalesmes357,7081289832135492613
Jeimy Julieth ğŸ˜,jeimygarcia728,7185020630780347398
Pao Escobar,paoescobar42,6805184522847044614
geraldinechicaram,geraldinechicaram,7335181961659761670
karmen...5,karmen...5,6995398806401729542
Mahe,mariagalvis692,7085468597984822278
Rubiela Martinez599,rubielam07,7056954182066258949
ï¸,danirivera215,6852328149880013829
Julieth Paola589,juliethpaola1986,7047619408113681414
Yeimi Paola Aguirre ,yeimipaolaaguirrelozada,6884429403514749958
Carla Vandera,carla.vandera,7417271922066965509
maritzasanchez7692,maritzasanchez7692,7130421410975695877
salome lara,salome.lara09,7446907323887059974
My baybys ğŸŒˆ,dvlmbeybysg__,7182663815640941573
johana bernal,deicy1116,6887422166863660038
marhs,user3851815,6832866245320246278
Sharon,user9772114249659,7394067364780966917
Liz Herrera,lizjan_,6874992359878706182
Jhoenny,jhoenny.22,7258315678334108678
Graciela de la Rosa,graciela.de.la.ro7,7312877226930766853
Paola villamil,paolavillamil175,6833061726981014534
Leidy Milan Dios con nosotros,leidy.milan.dios,7306202776668505094
KatheğŸ’,catherineperez73,7429396776207549445
Marialys Yaneth Coro,mariprincescorobo,6900176540307801093
Nubis Rodriguez,nubisrodriguez0,6783120981303133189
nadia,niniygi,7141167954113053702
mimidcğŸ³ï¸â€ğŸŒˆ,mimidc659,7124398365249192965
T milena15,..milena81,7018600138349347846
KÃ£rÃ¯nÃ   PÃ£tÃ©rnÃ¯nÃ¢s,karina.1908,6798648751637857286
negra,ypmmaccp,7424679464183235590
Jeimy Paola,jeimypaola15,6810957020024669190
an_sporty,an_sporty,7077327680493175814
Luz Marina,luz31985,7278377753278497797
Dary,daryfajardo,6883960230389875717
GemağŸ³ï¸â€ğŸŒˆ,gemapqpq,7047504783553250309
vanessa,candida_09106,7110740803051717638
Eliana Marin Sanchez,elii.mariin,6743992689513006086
lucero vargas osorio,lucerovargasosorio,6939212762254361605
Aniita Rivera ğŸ’–ğŸ’,aniitariiveriita,6738894979044262918
â™¡ğ“šğ’¶ğ“‰ğ’½â¤ï¸â€ğŸ”¥,katherinelopez9210,6950268632355324934
Luis felipe Burbano loaiza,luis.felipe.burba60,7372139371724620806
DUGLENYS MORALES CAS,duglenysmoralescastillo,6842428390663128070
dyrlgdx2iv4q,pilijoya04,6962315877959418886
Estrellas MÃ¡gicas-Anyi Cruz â­,anyilu_magicstars,7400069561569018885
AnÃ¤ğŸ”¥ğŸ’ğŸ’–,anamontes246,6838976069127652358
Paula,paulaandrea0001,6964180448839615489
ğŸ€EstephanieğŸ€,estefanyrodriguez83,7076386305908179973
Reina Gallego,reinagallego7,6664978058577379333
Astrid Cardenas ğŸ¥°,astridcardenas04,6813842091048174597
brendita29,brendacruz6196,7134134667603231749
ï¸,dianapaolacs,6809013110473638917
Mayerlis Macias,maye210509,7084716347246232582
Jennifer Ph452,jenniferph452,7086231396571087878
VeroHyz,veronik_hoyos,6963054739043369989
Sandritha Reyecitas,sandrithareyecita,6540780034418807823
Liliana,bustydoll35,6917953924356408325
aguacate  Diaz,aguacate.diaz,7411153984255329285
$grey cabrera$,ixelgreimarcabrer,7245069793564099589
Karina,karinamendoza99,264984982048337921
Yutsely Rodriguez,yutsely.rodriguez,7260244395605476358
soniamolinares899,soniamolinares899,7009712035927983110
lizz,lizz4265,7365307450834338821
JessCuesta,jessicacuesta20,6940373911516054534
paolayerena8,paolayerena8,6947846477876184070
esmeralda diaz,esmeraldadiaz327,6744898024957166597
ï¸ğ’œğ“ƒğ‘”ğ’¾ğ‘’ ğ’¥ğ’¾ğ“‚Ã©ğ“ƒğ‘’ğ“,angiiejiimenez8,7127715554819589126
betty1986,trizgomez714,6960131218420564998
paolacsa8do,paolacsa8do,7390037209728107526
Laura Bracho,laura.bracho36,7323291568554099717
Maikol Andres Ramire,maikolramirez_,6776438165135115270
inesdiaz259,inesdiaz259,7144168167786333189
vaneğŸªğŸ™ˆ,vane.12b_,7336402660344038406
Marze!!,marze_01,7203126531819471877
mila_up1,mila_up1,6807514881798734853
deyus,deyus0203,6956571658601710598
pao.292218,pao.292218,6957405386997007365
ElianağŸ¥°,dyedpxj3w8jv,6980474615361520645
cindy leslyğŸ¦‹,cindy_guzman5,6866507354230572038
Adriana Bautista,adriana.bautista444,7234637333944370182
pauliss870,pauliss870,6810439330789966854
Paola Prada,paolaprada87_,6999331356745221126
Pilarica,angiesergio,7020465714905957382
yadyraromanramirez,yadyraromanramirez,6957160815640724486
Morena,yirleycapera_2319,6827964440298914822
AndyğŸ‘½,andysilva7949,7469916354121319430
ARIANNA SEXY HOT,la.sexy.pelirroja,7288321591795844102
douglasalas88,douglasalas88,6889533627782218758
yadiravalecillos7,yadiravalecillos7,7159391532499600390
Gilda PadrÃ³n,gildap67,7507749731243213842
selithsencio,selithsencio,7235688042076881926
Channita,channitamoreno38,6984088248835245062
kathe Rivera,leidy.rivera11,7324679309091537925
ê§à¼’â˜¬ğ“¨ğ“ªğ“­ğ“²ğ“»ğ“ª ğ“¹ğ“ªğ“»ğ“»ğ“ªâ˜¬à¼’ê§‚,yadiraparra97,6818680998748242950
carito,carolinacarvaja61,7127388000757679109
Nicol Velasquez,nicol.velasquez451,7518832980064912402
Laurita,laura_pinzon37,6873123665564058629
Marcela Patricia Rui,user2023125824164,6881824134565790726
tata,user4159704205167,7413571624803386373
Nathy Bernal,nathybernal01,7206680524299305990
JÃ©ssica,jessiekardenas,6777355530212246533
Rochy,rochy.cardenas0,7409796753538565126
@sirofide,sirofide,6708765778161009666
Catalina Arias,catalinaariascol,7125447596877022214
Yositeran779,yositeran779,6947082934558098438
yenniRoa,roamarquez3,7199683525448057862
la chike,user4607695411361,7339994984714585094
Patricia,user8002462099147,6991643220669727749
YESID GARCIA DUARTE,yesid.garcia.duar,7342518324059161606
ojitos,blerrr39,7351210316618925061
Andres Sanchez,andres.sanchez306,7278092213778088966
Briggith Murillo Mosquera,briggithmurillo40,7368948352526812166
Mono,mono8651,7316701262819427333
Nana,adriana_santiago1,6988913507324822533
@101252102jhosmar,maryluna123_,6870641409397933061
sonia,soniacctmgj,7452431463264404486
Carolina galvis,karitosys,6960015515562198022
Kevin Avellaneda,kevinavellaneda10,6920446865716954118
tatyromerotrian44,tatyromero44,6955607129453577221
ï¸,marcelaa.zbala,6807564804447880197
ğŸ’Annys ğŸ’,anny.garcia70,7383732457625420805
..,andrea._.511,7151593207347545094
Elizabeth Gutierrez CaÃ±on,elizabethgutierre047,7086974678976119814
Claudia Ruiz,claudia.ruiz516,7304777971330991110
Paolita Cuellar,paolitacuellar2,6667517500404301830
Evelyn Mayerly Aceve,pijamasoftandfresh,6855777123052225542
caro ğŸ»ğŸ¥³ğŸ¤¤,caro08100,221423850603925504
Mariia Rodriiguez,mariiarodriiguez4,226648734078824448
Patricia Perez3765,patriciaperez3765,7080187539788825606
ğŸ³ï¸â€âš§ï¸ğŸ³ï¸â€âš§ï¸ AndrÃ©sğŸ³ï¸â€ğŸŒˆ,andresfelipecar69,6961619359308366853
ğ“œğ“ªğ“»ğ“²ğ“ª ğŸŒˆ,diosparatiyparami123,6839521666080850950
nailie,nailiej,7069596357908300806
Andrea Lozano,andrea080222,6814192816802579461
lorena ramos,lorenaramos190,6958967872526025733
Jenny Barreto,nidia_moreno57,7332249541837620230
J Galviz,j.galviz,7370416296716059654
ê§ğŸŒ»ğ•»Î¹Ò½â± â”†ğŸ„²ğ“ªğ“·ğ“®ğ“µğ“ªğŸ¤ê§‚,piel_canelita1,6951348835562816517
moni,user1395324377388,7214998451314099206
juegasos de la Playstore,tiktok.comalejuegos,7007547565664289798
Cristo viene pronto,adoradoresdecristo00,7293730005351597062
Angie  ğŸ’…ğŸ’…ğŸ¥°,yurley26ma,7087703458204058630
luzandreasuarezbo,luzandreasuarezbo,7210972876672025605
anderlenis,anderlenis,6835319398833947654
ï¸,majo.263,291841251639881728
Yuli tata,yulitata4,6819753191862551557
JennyferğŸ˜˜ğŸ˜,jennyfer.2705_lia,7194246748339618822
Yudy Mayerly Bustos Soto,yudymayerlybs,6626094700926599173
Jho AnağŸ’œğŸª·,jhoanaiba124,6808564121005491206
luz1980,luz_1980182,7151233909559362565
ğŸ…°ğŸ…»ğŸ…³ğŸ†ğŸ…¾,santo0ne,7154062457211257862
Claudia Ortiz,claudiaortizgon194,7151809253069784070
Livia Aguacia500,liviaaguacia500,7069896434586436614
Joha Orozco,joha.orozco17,7409852457364898822
Lindsay tovar,lindzaytovar,7252098008312529925
user5223622921534,daniunicornio5,6832353961371321350
Jemima,jemimaaguilar491,7515472875278402578
Yulisitta Novoa,yulisittanovoa,6813359016400487430
JOHANNA ARANGO,ljohannaar8104,7011939648041681926
mimi,jenniferpolo266,7381552487880901637
RAza,razahc1997,6993889801351529478
Cintia PÃ©rez660,kleider192,6940764233886221318
ERIKA GARZÃ“N,rolitha2garzon2000,7291747217181590534
natağŸ˜,thaliana.zalezgon29,6807608103979598854
user6261536035614,liliynico2020,6824953737041576965
mis amores ğŸ˜ğŸ’—â¤ï¸ğŸ’•,jp20141991,7132695909222237190
catherinegomezmen,catherinegomezmen,6961122126573306886
Taniia Geraldiine,taniia.geraldiine,7200194246874891269
yohandrycueto,yohandrycueto,7005485640843330566
Diana Rojas,dianarojas3582,6809105617204020230
FORERITO_05ğŸ«¶,albaforever905,7442489610048947256
Emmanuelle ğŸ’«,dianaalonso505,6796757827358753798
patoğŸ’•,patrickmc12,6735786108430746630
YomarğŸ˜˜ğŸ˜˜,yomarquiroga40gmail.com,6841687345122362373
SandraNathaly CruzBossa,sandranathaly.cru,7291023874693579782
Joha,johanaarevalo_12,6941024706687157253
laura,goleaugzmmj,7492149644598002695
Junior Lizcano,juniorlizcano87,6606009141021442053
Andrea,yayitag2,6913151791404352518
Nadie,mercedeschaux42,7083716794309788678
esloider,esloider,7000694903497180165
Rosa RiaÃ±o ğŸŒ¹,lindarosa0520,7150714155431183365
princesssğŸ¥°ğŸ‡¦ğŸ‡²,princesss1994,7004335430020416518
ğŸ¥ğŸ¤ğŸ£â¤ï¸â€ğŸ©¹P@T!CO SOLERğŸ£ğŸ¤ğŸ¥,patriciasolergomez,6818359744119325702
Yenny Bohorquez,yenny.bohorquez11,7490036109863666743
ğŸª½ğŸ‘‘ zandrita Villanueva ğŸ‘‘ğŸª½,sandra.galindez2,7486709779227460615
Luna,lunadianam2022,7214895376229876741
alejandraavilan55,alejandraavilan55,7155628701606249478
andrearodriguez045,andrearodriguez045,6965290189024756741
Juanda,cjuantcgotn,7415794782628676613
Yuly,yuvadi_,7345621702867944453
Katherine.,kathei_17,7003144542904681477
lucecitacubi0,lucecitacubi0,7124057063295517701
Joha,johanaortizhern36,7119982536818295813
Dianita Diaz,dianitadiaz86,6715210898317804550
Karina Sanchez,jeidenjhulianerik2019,6806848618407724038
lili,lili56667,7248899285915157509
laura suarez,lamisu89,7075157228080366597
Lolimar lolimar,lolimar.lolimar,7158200701654746117
Steysy Okmpo âœ¨,2720ilove,6838426814068098054
n-ina,n_ina2607,6922845339310883845
Gineth,gineth072606_,7212776038806684677
la mamasita francis,francelissilva6,7341061757426025477
yise,yisselasantofimio,7021726399824479238
Nicoleeeeeeeeee â™¡,ni_032022,6889867366495601670
Jenny,jennyjmmateus,6962713517473121286
Ø¬ÙŠØ³ÙŠÙƒØ§ Ø§Ø±Ù‰,flaca.26,7072363604997407749
La Morenita De Los Tik tok,miavalentina.750,7322628234688005126
kathe,katherine.8816,6963605230719075334
Jasbleidy Quijano,jasbleidy.quijano,7316015842063696901
Sandra pintoğŸ¤ğŸ’œ,sandrapinto0926,7108540436549567494
Laura Bernalâ™¡,lauvanessabm,7228018721507279878
Katerin Anzola ğŸ¤©,katerinanzola7,7105869056992871429
user2395319582080,user2395319582080,7337826499393356806
Kelly negra bella â¤ï¸ğŸ˜˜,kellyjohana07271,7061729716524860422
Jenny,jennyalmanza132,6823529648572826629
Cast Vane,castvane6,6803092308596573190
4Ls leo,luzmarina.gonzlez2,7417857192156824581
jenny,jennymoya19,6964943834506904581
Yennifer Porras,yenniferporras,6781183749562795014
olgamedina,marranospersonalizados,6961933591865836549
psicologot,psicologot3514,7053182529411810309
Lorena villamizar,lorenvilla1,6568180092119744518
elciraultengo,elciraultengo,7151810569955525637
Yesica Tatiana Herre,yesiica1617,6692481804174672902
Maria RodrÃ­guez,user3357210917560,7442450982007424055
linahernades755,linahernades755,7495802636261082130
Luz Dary.,luz.dary1823,7183082996685177862
ğŸŒ¸,deinnecadena,7151200849989501957
Sofia Rodriguez Luen,sofiarodriguezlue,6791975827900515333
Eduardo Cadena,eduardo.cadena41,7347134401999979526
NÃ©stor10,nestorsilva706,7228949695958369286
otrausuariaxd,otra_usuariaxd,6799031429131191302
Maribel Araque,maribelaraque2,6838584249345819654
gloriafuquen06,gloriafuquen06,6959604241560454150
NathağŸŒ¸,nathacgu,148936376552448000
Juntas Somos MÃ¡s  Fuertes ğŸ™ŒğŸ™,dary30064,7146274422428959750
moreğŸ˜‰ğŸ’,more30081,6934710839255008261
Dayis ğŸ‘‘ â¤ï¸â€ğŸ©¹,dayana.millan02,6976425787554366470
adriannys,adriannys52,6866977764503962626
luisadiaz766,luisadiaz766,7020621250378089478
mannybc81,mannybc81,7057765859326379014
DayDan2809,user9855446910419,7230978457886426118
Diana Karina Uzcategui ğŸ’•,dianauzcateguicon,6866477115694089221
KkellyG.,kkellyg1,6842368987301577733
Mirian Caceres,miriancaceres369,7261757797507089414
erika,erikaleon9790,7192726384548512773
dia1829,drp3191,6964166585175360517
gloris pevi,glorispevi,6813269585443013638
ğŸŒºCARMENCITA,carmenmartinezbar30,7069490300113191941
ğŸŒ¸YenğŸŒ¸,yenifherforero,7035033966315586566
Dayira Rojas,dayirarojas,6904332415088608262
ğŸ§šâ€â™€ï¸Daniâœ¨ğŸ¦‹,idaito_,7250522788681909254
ğŸŒ¹LadyğŸŒ¹,yeidyruizaguilar,6796102016534004741
"AnitaHortua,â¤ï¸",anitahortua_32,7094395175481918469
Laura Alejandra âœ¨,lauraramos2240,7202806983249331206
Jenny,yeye_323,6854593596499706885
Zte Claro,zte.claro,7077725553205478406
Tatiana Hoyos,tatianahoyos13,6534296237489787919
dianapaolagomez84,dianapaolagomez84,7149759158983459845
ğŸ¤—eveğŸ’,rogeles.bamby,7026463584096207877
ymont06,yolandamo14,6799771321841681413
margaritahernandez0331,margaritahernandez0331,6792615339316380678
ğŸ¥°ğŸ’šDeilyğŸ’šğŸ¥°,deily0393,6869036507475477509
âš¡âš¡camiii sonreÃ­rle ala vida,camilasanchezcastelblan0,6810393744770286598
angie alejandra castaÃ±eda gome,user36920050474746,7018569696052282374
JK ForeverğŸ¥°â£ï¸,sra.mujica,6888379778387346437
ROSISSS CAMELIN ğŸ™ğŸ™ğŸ™â¤ï¸ğŸ˜ğŸ¥°,rosicamelo8705,7056776399606400006
lacrespa,lacrespa2101,7269600293226169349
Johanna Munoz,johannamu.05,7317306509040518150
Marianita Suarez 87,zuyacu11870,7132217361411474438
Karelis Carolina Sanchez Arcin,karelis.carolina7,7348419611076903941
â™¥ï½¡ï½¥ï¾Ÿâ™¡ï¾Ÿï½¥Karolinapï½¥ï¾Ÿâ™¡ï¾Ÿï½¥ï½¡â™¥ï½¡,karolline265,7225024628778025990
laufe8,laufe8,6996858797784368133
LÃ­sed Martinezâ¤ï¸,lsed.martinez2,7423149403349206021
Loren Lastre,lorenlastre29,6819722546209129477
Alexandra,alexandraangelito,6892815045123802117
Leidy De Ortega,leidygranobles,6832810660536370182
jeimmycorredorcor,jeimmycorredorcor,6995993164070945798
Mayerlis Gonzalez862,mayerlisgonzalez07,7050268936205616134
JimÃ©nez paolita,jimenezdianita3,7208520332436554758
Andrea RodrÃ­guez Per,joandrea3,6810345427931497478
Marinella Rodriguez,marinellarodrigu,6886239948087247877
vivi cardenas,vivcrd,7195689626190185478
AliciağŸ’œ,aliciasophia2005,6855838396981675014
Jacqui Palacios,jacquipalacios8,6807422872605344773
Luz mantillaâ™¥ï¸ğŸ˜,luzmantilla03,7100312494224884741
Lopez Jhoanna,lopezjhoanna,6808325370296304646
nahomy ğŸ˜˜,martharey24,6851724080394224646
dorisriveramenese,dorisriveramenese,7125766976748667910
user4962123068447,user4962123068447,7331759235553166342
Mao Sandino,maosandino,6872832733267362822
Lorena_berri,lorena_berri,7018720111699870725
ğŸ˜˜ğŸ˜˜,1954dvjca,6788076741275927557
Sirena Trenzas,sirena_trenzas,7208335283355681797
hormifer confecciones,yennifert_n,7246404024626021382
Valeria Perlaza,valeriaperlaza5,6807222355997443078
Angela Maria Medina,angela.451,6810171624982660102
Titna131,titina131,6961433798715606022
Johana Patricia PeÃ±aloza,chairanicolpearan,7326142210504016901
Lu,lu791440,7203777589520499717
Maii RLâ¤ï¸,alejandra..301,7324019721551512581
BBsitalinda@2407ğŸ¥°ğŸ¥°,deisyfernandez2021,6977427301744395269
NathalizğŸ©µ,nathaliz72,7398265202967757830
Antojitos SabrososğŸ’–ğŸ«ğŸ©,aranza_17.0,6813102477115966470
Adryanitha Caro,adryanithacaro,6825402849397457926
Lauâ™¡,lau_5460,6933354873216091142
Ggiinnaa Ccrr,ggiinnaaccrr,6808624635170423813
ğŸ’NataSanchezğŸ’,natasanchez2016,7148090416583083014
creaciones yeimi portela,yeimipotela89,6813472386760623109
diana,dianaariasrodrigu8,7018107840024478725
gabryelaibarra6,gabryelaibarra6,6963839915940725766
JD PM,jesusdanielpl.9,7104535687130661894
Johanna Jimenez,johannajimenez87,6796429080042669062
user83746492736,pepo25.5,6849932111412347910
Maria Eugenia Fernan,mefa_0522,6793442503732724741
BritneyğŸŒ¸.,geroldsalgado0,7238624506503545862
AriasğŸ’œ,karena_arias,7001580822323151877
â˜†Laura Villegasâ˜†,lkvillegas,6807927294931338245
GEICER FERIA ğŸ’™,geicerferia,6965587976136180741
SharonğŸ–¤,sharonjimenezmorales,7079946619806745606
NeilaBastoğŸ’ ,neimebasto82,6958500961568441349
Jasmin Obando,jasmincastillo071,6874774049974633477
Mabel Ortiz 1104,ortizbellamabelita38,6808927485424043014
Rosa Maria Criales L,rouscriales2822,6848068564882588678
Adri,nanas016,6821710675141673990
lucesita RodrÃ­guez,luzcesita991,7196008564149699589
Leidy Escobar Barbos,leidyescobarbarbosa,6887739068563948550
JohannaHernandez1587,jois1587,6983448233197732870
Ã„ngÃ¯e VÃ«lÃ¤,angie28vela,6662453008939401222
yeidy barrero,yeidy.barrero,7338230675961218054
Natalia Rincon Moral,nataliarinconmo1,6858700829365519365
joha,joha0196,7409410096628843526
preciosa_2010,preciosa_2010,7346013951548163078
Paula Rios,pauliss.2020,6816818247960396806
yency_27,yency1124,6934509332810974214
Cate castillo,caterinecastillo24,6785680330294232070
ğŸ’–ğŸ’ğŸ’–JO$/3!NYğŸ’ğŸ’–ğŸ’,josleinymavare1,6821681355945313286
ğ“›ğ“®ğ“²ğ“­ğ”‚ ğ“—ğ“¾ğ“»ğ“½ğ“ªğ“­ğ“¸ ğŸ’™,leidyg774,7458342045791732743
Marly Gineth Gomez N,marlyginethgomeznieto1,6831313570773681158
maÃ±ana,maana938,7377890731598824453
monita juli ğŸ¤«,santikatu,6915471949524091910
gelbes,esperanzaortiz892,7208952409598854150
mayearly Ruiz,mayearlystellarui,6956974805770306565
soltera â¤ï¸,yeniferfuentes4,6954821297491444742
userbyb9jnmckq,userbyb9jnmckq,7158128327109346310
Alejandra,alejarico31,7270675325595468805
Mary Florez,maryflorez814,6720998025760326662
Dany Castro,danycastro436,6796836335702754309
johana hernandez407,ratona157,6847724714891985925
LARYğŸ’,984lary,7239763414996927493
Maria Fernanda,mariacascante42,6679385854890738693
ğ“ğ“ªğ“½ğ“ªğ“µğ”‚ğ“¥Ã¡ğ“¼ğ“ºğ“¾ğ“®ğ”ƒğŸ¾ğŸ«…,natalyvasquez8829,6961567507581961221
ğŸŒ»ğŸ–¤Libeth ZamarağŸ–¤ğŸŒ»Te Sigue,zamararozo,6804492535043179525
castillo jiis,jiscastillo123,7422519630118061062
espinosahernandez3karen,karendespinosa1,6956718162062787589
July,julieth.2026,7376122496062161925
yadeixyfajardo889,yadeixyfajardo889,6981948351920473093
Mia's LTDA,mias_ltda,6800446782846321670
AndrÃ© Delgado,andrea_dba,6798552673362576389
Rodriguez Yiset,dey03_16,6791396069223908358
dianitam2l,dianitam2l,7001334693816927238
Adriana Malpica,adriana.malpica94,7457928780687098886
Caroline EspitiağŸ’ğŸ˜,caroline.espitia12,7056298217411429382
Yina Suarz,yinasuarz,6786460734232626182
Mile Rodriguez,milerodriguez525,7170817590192768006
Maria.S,mariasilva1_1,6808333591597892614
âœ¨ANDREITAâœ¨,andreitadussan,7133023046857081861
ğŸ€,lucydaza2223,7064020411080688645
Niky Lopez 2,niky.lopez.2,7381530793682748421
Mayo Isabel Rovira,mayoisabelrovira1,6803040936542290949
la morena,erismarurbaneja,6838763697063937029
Zulmy Ag,zulmyaguilargarci,6757102395371701253
ğŸ˜â¤ï¸Valenciana al 100%ğŸ¤ªğŸŒ»ğŸŒº,yarysanchez9,6954025378834957317
milenasanchez320,milenasanchez320,6973276391715210246
Laura Cristiana Ortiz Romero,lauracristianaort,7375267006859871238
Del Valle Herice,del.valle.herice,7515106566573589522
JessicağŸ’•,hereweloveblack,6822638972453323781
Jenifer,jeniferbocanegra05,7256637757634790406
ğŸ˜ˆêª¶ê«€ïºƒá¦”êª— êª‘êª®á¥…ê«€êª€êª®ğŸ˜,leiidymoreno2812,6809657089260405765
Mafe DÃ­az ğŸ’–,mafe_diaz.28,7151180646931792901
samileyka8y,samileyka8y,7192928701537108998
Cristian,cristianbr044,7318823667407504389
aliz velasquez,nileve.zednanreh,7402008064813646854
sanyor,sanyor08,7274743484026717189
Gloria Parra,gloriaparra61,6837672941946864645
Erika Lorena Figuero,erikalorenafiguer,6532425725717255168
AdrianağŸŒ¸,avila_2912,7317055432581186565
creaciones Jaspi,jazminerodriguez491,7195991556154557446
Andrea8401,andreanova8401,6779949855478416389
ğŸ¤“,vmtn2,7486305253781505031
Andrea,pau.osorio2009,7162684986658817029
LEIDY JULIANA FIGUEROA RIOS,leidy.juliana.fig,6910183176289108993
Catalina Gomez,katalinagomez0529,6779685848121148421
Kateâ˜ºï¸ğŸ™,kate_1833liz,7309453269427766277
ğŸ˜ catherin â¤ï¸,jeimmycatherin,6533268971246851072
carelys,carelysgomez,6895506874189546501
july22148,july22148,6955157003526472709
Kimberly â¤ï¸â˜ºï¸,astridsegura69,6526073182317712399
Jenny Alexandra Pola,jennyalexandrap,6846142052145923078
adrianithacamarg8,adrianithacamarg8,7141386137491424262
cardenasortegatat,cardenasortegatat,7010953502084465670
Maria Ortega,nayitaortega08,7308167516479685638
.,dahiana_672,6884978423187047429
Yuri â˜ºï¸,yuricastillo2158,7204216244480033797
Claudia Fernanda,claudiafr86,6832314838821651461
@johanni_ta1033,1033lady,7121033781197440005
Kathy Ospino8,kathyospino3,6927096298261185541
Aleja Archila ğŸ˜,aral696,6965291606275916805
Epi MÃ©ndez,epimn,6721695032795186182
yenni,yenniabril86,7050294155084628997
paolaandreatorres30,paolaandreatorres30,7037516169963930630
Alison trujillo,alison.trujillo88,7345983159474865158
